Company Name,Position,Location,Date Posted,Job URL,Time Span
Ryder,Furniture Home Delivery,"Spokane, WA",,https://www.indeed.com/rc/clk?jk=d86e350c5a6288a9&bb=ApmKX9CzP8w3kBkB6gS2TauEf-hS8n3eJgFdWe-b0Km8Y6k9hRRO9OP90miXzII92dzh4221lyj-W9fwqnUNjfmFjHa9YDbu5S_u0T8C_XHIPf4cq7W7jA%3D%3D&xkcb=SoCk67M34k7rfbyMaB0MbzkdCdPP&fccid=22f3171d623451cc&vjs=3,7Days
The Church of Jesus Christ of Latter-day Saints,Admin Assistant 1,"Spokane, WA 99202 
(Logan area)",,https://www.indeed.com/rc/clk?jk=44e9a3aa2e0bae1f&bb=ApmKX9CzP8w3kBkB6gS2TROhZBEj11Me6BHTwJOoVMhqbCCgJ7s_rpfwz6oMKVeTzFEkZGr7ge9qddDkqatPpPoJgWx0XJmVRLhUGy--DA6u3qCMKxO_cmEPZaPRmQfq&xkcb=SoBe67M34k7rfbyMaB0HbzkdCdPP&fccid=7e408d96768a4a43&vjs=3,7Days
Starbucks,"barista - Store# 08935, SPRAGUE AND PINES","Spokane, WA 99216",,https://www.indeed.com/rc/clk?jk=b73f570235b2596e&bb=fxy9bImZqllHz8EPVXY3txLBiBKfBioj61nMq7OjG-VO_Jy1i0Cj0mFAwBIrFrY1um-IJV1t3P8nVoij5yXOE147u1Rl0EHzHDImsATgjNv4NsybbxudRw%3D%3D&xkcb=SoCg67M34k77nBygAJ0ObzkdCdPP&fccid=a88e611ddef97571&vjs=3,7Days
KFC,Team Member,"Spokane, WA 99223 
(Lincoln Heights area)",,https://www.indeed.com/rc/clk?jk=ee716e76cfdaf496&bb=LenZbkxiXH6v4PZd_fOWgcsFew1DqHki7_9KCTlUJLWdxKdDAq8AUKawF-4aM2Mx_lilkNI9_ia0feQenTQOhLnRN41BKheYAdMLXPTAJiuIO8kYsSNOng%3D%3D&xkcb=SoB-67M34k8LyUyT9B0CbzkdCdPP&fccid=6e61d88a654c1d08&vjs=3,7Days
Stryker,"Foot & Ankle Sales Representative - Spokane, WA","Spokane, WA 99201",,https://www.indeed.com/rc/clk?jk=b6f38fa61c1ee636&bb=LenZbkxiXH6v4PZd_fOWgdC3tqTXav6fP2myUrqyyncKA8m4gfPDecOQSgN0sly1KTJPSKQyk5EAz04sjM_nLE9zRMO5vFYKelDIWK0WTAnCS_RJ1uP5Bg%3D%3D&xkcb=SoBt67M34k8LyUyT9B0GbzkdCdPP&fccid=9d4dbca3ed8b9cdf&vjs=3,7Days
Spokane Public Schools,"PARAEDUCATOR - STUDENT @ JEFFERSON ELEMENTARY SCHOOL, 7 HRS, CONT.","Spokane, WA 99201 
(Riverside area)",,https://www.indeed.com/rc/clk?jk=a834782272b84d92&bb=TyR72OBlgZqsx27KG-piDD-9tIi7Btp99BcuPQL5lx6020DZy6B5PRI71itqQiPXABVVg0904n_rUbnrdvGnMQBG2QXHd2W1YdtrCtYDiyROp-Gg2ko9ud0plvi3BMN-&xkcb=SoBx67M34k8cCuyNgB0HbzkdCdPP&fccid=0e2e0e63453718f2&vjs=3,7Days
Frontier Behavioral Health,Clinician II - Forensic Projects for Assistance in Transition from Homelessness (FPATH),"Spokane, WA 99202 
(East Central area)",,https://www.indeed.com/rc/clk?jk=0beba492e4a74588&bb=6fE37MnkklienB46eUOenZHH3rl3_DzGzDcDRPgC4oftDFhVZsnvBGSl46nBrrd3AaemF0lGVVn5nLNMUI4IbE70sE4oCFTyB1aVo4y3bF2Hciy8YqgA1Tel_s4e_zDv&xkcb=SoD867M34k8sccS4Rh0LbzkdCdPP&fccid=da637bbbdbf2868f&vjs=3,7Days
Loram Maintenance of Way,Machine Operator - 1 - TM,"Spokane, WA 99201",,https://www.indeed.com/rc/clk?jk=8195e42e9c5504ee&bb=6fE37MnkklienB46eUOenaqNvsrMDEgrZC0nnsAlOo5_GMCXP_0UH-QBJHyJXG72PaqRbcMyQJjJp-yESPL4sZG4GVWzz0Yl4vbO_XjAMuhS78gI5q7k5G5giQDNDBsG&xkcb=SoAv67M34k8sccS4Rh0CbzkdCdPP&fccid=69b6e68d79e1af79&vjs=3,7Days
U.S. Department of Justice,Special Assistant United States Attorney (SAUSA) City of Spokane,"Spokane, WA 99201 
(Riverside area)",,https://www.indeed.com/rc/clk?jk=f30420840e33c7eb&bb=dFbcvoo46qjpKOr8ov1GUO5isCY5CW9UyHn18CXCGqvIxbQg7YyBwhTDK7e4o6AkVO--qQZrzfoPR3mxATZb1cDmwwb6KuMcIAGqTFpwoPVQFUwc_RQHJ8gObTN9ocq0&xkcb=SoBL67M34k88z4S4Qh0HbzkdCdPP&fccid=a82ba43bbfe2b26b&vjs=3,7Days
"Impact Valuation Group, LLC",Certified Real Estate Appraiser,"Remote in Spokane, WA",,https://www.indeed.com/rc/clk?jk=2cc00ce7c7dd392e&bb=cDRnWEKyX47C1lWfzxqMIkMXEfQ7_CdcJ7-GF_bERL6qANhAy_R5V_j9cEAp-iOdYCv_tuBziIIC04DlCNYhuIk3fY6Gaoo9FrKP_By1yes0cNMlXdsczrmZfQzWfVD9&xkcb=SoAC67M34k-FUZSMch0KbzkdCdPP&fccid=34c2d9f41341a832&vjs=3,7Days
Integrity Rehab Group,Physical Therapy Technician-Integrity Rehab/Northwest Orthopaedics,"Spokane, WA",,https://www.indeed.com/rc/clk?jk=4945d4293ba07d0f&bb=hu4NH4unLXsPI8aUVcmKfQkglcsrowSmcqUNVgHMfyE7xLTowE7rzrP6TajKHXfTXrw5aDtBDQ-F-ovtlS2UdylvKodmeXDAPIw698vSexKqkbp8VYSz-N7oJFYPZ2Vs&xkcb=SoAL67M34k_KFCwEFR0IbzkdCdPP&fccid=f9b383706a0a4725&vjs=3,7Days
Sunflower Bank,Mortgage Loan Originator,"Spokane, WA 99201 
(Riverside area)",,https://www.indeed.com/rc/clk?jk=08b3dedd609f1879&bb=hu4NH4unLXsPI8aUVcmKfQYotsrhWlyixyEYRkWHZLUZGcUj9KZgDpgRosRJwGGPSUQkmZqac8ZzASMKDBwKQImyJCCsLsnU3hKlb9ePJYOCugwEl9yti61MLDmWaoxc&xkcb=SoBF67M34k_KFCwEFR0CbzkdCdPP&fccid=b4edd6eaa216e41b&vjs=3,7Days
Touchmark,Server,"Spokane, WA 99223 
(Lincoln Heights area)",,https://www.indeed.com/rc/clk?jk=4b6d33f1b5679562&bb=YH-pyyD_L7jf9nJU3H-fvVelqWlBxONN6pCaORBZULvJ8oLISSR6GE6LbYnEsgdRh-Tfl1WbRdDfZZPCppS8jtgMzhOfS0nGUN5y9rpoxraNfysGMXTUD3BvTOfrBLSk&xkcb=SoDa67M34k_aeASMaB0AbzkdCdPP&fccid=6026252d1d1eae8d&vjs=3,7Days
Sonic,Multi-Unit Leader,"Spokane, WA 99202 
(Logan area)",,https://www.indeed.com/rc/clk?jk=78d4aa3617d62da7&bb=OuU93IMNoXcVVbnGnCBpz8v8InpESAnLuElVenREfBb_7iiHY1zArNKBJCvfbYwMTPJoVsp2VpLZbo8ESFbGsrCFKw44nDboYxOTXnxnDWILOtQxfp67IvsfEJMp3rnn&xkcb=SoAD67M34kw9MswEFR0NbzkdCdPP&fccid=35a91adc30d9ede0&vjs=3,7Days
Spokane Health & Rehabilitation,Dietary Aide,"Spokane, WA 99205 
(Northwest area)",,https://www.indeed.com/rc/clk?jk=1d3cce221fda7bdb&bb=YQEVzbQvA-FoDtcUf8RHQmxBrz0hlSeEKSBQnNTmDz3skr2AzVbkwkoOZ-z-aaZerGVM08ge9ubo95nqU7-QPWOQIxxgWQc69mbUuOdvN9ckmCl2WCS7HCFEL9mhOgT4&xkcb=SoAW67M34kxdjRRUKZ0BbzkdCdPP&fccid=7b21e8f4058719a4&vjs=3,7Days
Subway - 23979-0,Sandwich Artist ®,"Spokane, WA 99216",,https://www.indeed.com/rc/clk?jk=43e535b007853aad&bb=-AgmzV0i4wfa0gNuPFpzSJtYgIMa8vO2VbOA2dMC6KUbh531uKk7hkfWwrBunNBgJj4PbxyIo44gFwou1_81FOUBV_3QP7k9pZ0j7xpP75I9HGsgalAp2fuapasEXrss&xkcb=SoBZ67M34kxwYOQEFR0KbzkdCdPP&fccid=dd616958bd9ddc12&vjs=3,7Days
MultiCare Health System,Physician Assistant (PA) or Nurse Practitioner (ARNP) - Nephrology,"Spokane, WA 99201",,https://www.indeed.com/rc/clk?jk=fb611340485ecf3a&bb=HNHlRVi8G4pEMAbVAa35KUG0XyJey81-BTOi7LJT5yiCARf3E75VzP8LW6cHv8sZznmVtENsCOra76_P2EaBoRrgXgTrCiwZehJfOrcq3ia3tD6vr8dC2A%3D%3D&xkcb=SoA267M34kyBaLS4Rh0PbzkdCdPP&fccid=26ee6e42d73a12ff&vjs=3,7Days
"Ole Mexican Foods, INC",Territory Sales Representative (TSR),"Spokane, WA",,https://www.indeed.com/rc/clk?jk=4205f15bac9d3db5&bb=HNHlRVi8G4pEMAbVAa35KR9MemRxD7NxRhsFQcUeZFdij5ZtCFntWD3NxUzJicZomeOTdkmAQFNe4Dn8IEjnqBwBaO_vUU48zms62Hjskd-oaMbAX6D__f3962cloSzG&xkcb=SoCC67M34kyBaLS4Rh0ObzkdCdPP&fccid=3d6f1a5b652eb410&vjs=3,7Days
Pierce County Washington,Temporary GIS Planner 1,"Hybrid work in Tacoma, WA 98409",,https://www.indeed.com/rc/clk?jk=45cc9e5ad26271cf&bb=A9fGXDxEj0qdqScsFes2gkUGsVpVQVdzBe3_7R5JFDIS5yypk8H2sSN7i6EXWOerj9rnYsV8mBXWlhkFhOWFMcFJXJEly0qt_TsVPpHZ3HXy4gHhB1mkSrIbo9kJDuT1&xkcb=SoCM67M34ky7SIyMch0IbzkdCdPP&fccid=58246ea27b3f8cc2&vjs=3,7Days
Pierce County Washington,Emergency Management Coordinator 2,"Hybrid work in Tacoma, WA 98409",,https://www.indeed.com/rc/clk?jk=bd86b1cbe45d6e95&bb=A9fGXDxEj0qdqScsFes2ggkdKZPqZn1HJuiXXVYJR7DUXr_32W-qYfj3T5nVmDUupFLDoh_mlXJHovQYynSZuLHvqO0rM9IlMOoJ_cDUFmu70R0LHgkxp6NlfuXUfwMc&xkcb=SoAr67M34ky7SIyMch0NbzkdCdPP&fccid=58246ea27b3f8cc2&vjs=3,7Days
Starbucks,"barista - Store# 00356, 26TH AND PROCTOR","Tacoma, WA 98407 
(North End area)",,https://www.indeed.com/rc/clk?jk=f9911f6aa220b4ce&bb=7_gNj8VpeYbb7KgXeLjiD4luZa6ePnI4KubZMmEKfakGqLsF6Qgk9JrHSxrkY9ObWYEUrYcWpoVVm4hN2F3Z2crP25aaNHEQF-b2KtOukm1NvbRo7DDKCw%3D%3D&xkcb=SoD967M34kzMguRUIx0KbzkdCdPP&fccid=a88e611ddef97571&vjs=3,7Days
Pierce County Washington,Director of Human Resources,"Tacoma, WA 98409",,https://www.indeed.com/rc/clk?jk=ff040adeb6255970&bb=7_gNj8VpeYbb7KgXeLjiDznNMfO_Y4HFkHZkmKNyBcw8UrfH9T7Me-nRMW6J-aEzPjHtCCJUdr-XgnuNWu3x2KIcHUwQVTuZGVLdGUjbo8qLAuuyOGBM75kWovDf6049&xkcb=SoBz67M34kzMguRUIx0NbzkdCdPP&fccid=58246ea27b3f8cc2&vjs=3,7Days
First Student,Dispatcher,"Tacoma, WA 98421 
(New Tacoma area)",,https://www.indeed.com/rc/clk?jk=9ce356bee5f86058&bb=7_gNj8VpeYbb7KgXeLjiD6_2Ne7IBAmX5TdDlEkAomNKUVSj6fn_MVZPGNKLa682OXxDIAQzv7u2QOLkz67OxcXfYSEJN8UUjllCGoWR-aVJXbrgtg6IQd3G-1uWr2hs&xkcb=SoDH67M34kzMguRUIx0MbzkdCdPP&fccid=65ba6edcef045967&vjs=3,7Days
Pierce County Washington,Director of Emergency Management,"Tacoma, WA 98409",,https://www.indeed.com/rc/clk?jk=81705d6ef5e9efe2&bb=7_gNj8VpeYbb7KgXeLjiD-o4TbQDPmR4dqE1IrYJCbxHAPCnUBMKyVstoRz2Ncnn5gg3BMTcBQUZu_dZPW-n6Kwn0d1Sb0bslLsBQJmtKifpuCXSkrRYUeiSurxwY5BO&xkcb=SoA967M34kzMguRUIx0HbzkdCdPP&fccid=58246ea27b3f8cc2&vjs=3,7Days
Best Buy,Retail Sales Associate,"Tacoma, WA 98409 
(South Tacoma area)",,https://www.indeed.com/rc/clk?jk=3553c41169f44057&bb=t3CD3dk9nMbLzpqwxuwA8qWwUX75odGyFQkUzwPYzyj1of22M2BlOvDCe5THq1XRhvLlPxqyEyeK9gW7T2PNwcEGNM59fHYHIvD5ITgb-D_qN5X44uqPhA%3D%3D&xkcb=SoCG67M34kzd63SMaB0NbzkdCdPP&fccid=027d7cca25a5d14f&vjs=3,7Days
Pierce County Washington,Social Service Program Specialist 3 - Homeless Services,"Hybrid work in Tacoma, WA 98409",,https://www.indeed.com/rc/clk?jk=1e52335e97795fb8&bb=t3CD3dk9nMbLzpqwxuwA8v-vnuaLFVps3GIhtq9u1lMDE3rVttpJuNkhV2UgZBm1mgcIRILYFTXbL29EAnIS4pvsbi0sjRxjHDkTZKXk4f1judIesKHpdoCHHijolaXS&xkcb=SoDb67M34kzd63SMaB0DbzkdCdPP&fccid=58246ea27b3f8cc2&vjs=3,7Days
Pierce County Washington,Legal Assistant 2 Superior Court,"Tacoma, WA 98409",,https://www.indeed.com/rc/clk?jk=05744e70f4d657ef&bb=t3CD3dk9nMbLzpqwxuwA8iyCTDwo_iMxrgnrWUtlDN-0EwLHxmnw2oGoMhXxjtS-LLhsjpiBSwzLlcEywvJjfkpxnLk73HOJ9kN3yFxqjS2gfBBQz0hLlhka_oJ46pqE&xkcb=SoB867M34kzd63SMaB0GbzkdCdPP&fccid=58246ea27b3f8cc2&vjs=3,7Days
B&D Industrial,Millwright -Tacoma,"Tacoma, WA",,https://www.indeed.com/rc/clk?jk=1284efd44b7b1dcc&bb=-BP4suXWBT9AsFGRQEkq8oEmgq6wRn_qqx4JqSEwpCAq7JR8LzXJuv2xO_EXIw8F5zopSIMFraI1EOve_-QuPVE7323DAZRkafvxoqslQywFWM_ZvfrMK0IjMjz1LJNh&xkcb=SoBk67M34kz_-dQEFR0NbzkdCdPP&fccid=c478e8b4b4fad327&vjs=3,7Days
ABF Freight,ABF Driver Development Program - City,"Tacoma, WA 98402",,https://www.indeed.com/rc/clk?jk=35c4f4a8f31e513e&bb=-BP4suXWBT9AsFGRQEkq8pORXxGlLP8l1aDZWhY0vrJWItvBkOn8Cqag6Rbs5O6ge_FPmYzYrp_0qSNGqzwrSS_tcpFDWVsVdHRH4Jh5nLZCFcoAo9vhq9gvYPdGGVDw&xkcb=SoA567M34kz_-dQEFR0DbzkdCdPP&fccid=2b5f8bf89685b2be&vjs=3,7Days
Ryder,Furniture and Appliance Home Delivery,"Tacoma, WA",,https://www.indeed.com/rc/clk?jk=7b57e357c13f33bb&bb=Kr9RAd6uMcFjAuesyz8V7xJSEeD1GVhTYW5Ond7dj49C3pXwImFfB-jhqa4vVRYtd8_ZHm-wkh8-g49cuo_4XiMfhF6HYhT722hh_P0vlT42rY6odd51fw%3D%3D&xkcb=SoCE67M34kzwBWSMaB0MbzkdCdPP&fccid=22f3171d623451cc&vjs=3,7Days
EnvisionAge,RN - Medical/Surgical,"Tacoma, WA 98431",,https://www.indeed.com/rc/clk?jk=1826ce433acf1487&bb=rQBiqUSxNQgWkJkYOU3P8DLwJkmsu7cFnh3iqX7E3TkJEdGgWgAjUzPChNHwOTVIt3Xq4_thfxpHCmCWwfRQP7q7Q67tV9eKhtbHqXBb7M1Apc2YdtX-MDtlPJKXCkU4&xkcb=SoDp67M34k0TbsxUKZ0NbzkdCdPP&fccid=dd616958bd9ddc12&vjs=3,7Days
"Defense Health Agency Civilian Corps, Falls...",Clinical Psychologist,"Tacoma, WA 98431",,https://www.indeed.com/rc/clk?jk=934bd9e96b362f15&bb=rQBiqUSxNQgWkJkYOU3P8NPtCCNWKwRXVUxlKLPUjOcbhUvrTsaX7INEUYiuWypMycG61RouX-X-GphWAnxOlbrd8YEfdGaQmJZOe-ORH7N7N2p2Vsz7ZuHASNWCBq8Q&xkcb=SoC067M34k0TbsxUKZ0DbzkdCdPP&fccid=a89a9897f86e1b32&vjs=3,7Days
EnvisionAge,RN - Neonatal Intensive Care,"Tacoma, WA 98431",,https://www.indeed.com/rc/clk?jk=1b525b06577e83ea&bb=rQBiqUSxNQgWkJkYOU3P8GQDizYXQJoyqQUsPt2Fcbrzx_WYUBW4X4Ms1fUELc3mLKN-uA-_jvUWyZPyDiIFUHWTDY2wCPYtPuXEk9L255d8FegX80R9k1cS6dx8ttIL&xkcb=SoAp67M34k0TbsxUKZ0AbzkdCdPP&fccid=dd616958bd9ddc12&vjs=3,7Days
AIT Worldwide Home Delivery,Treadmill and Bike Repair Technician-Tacoma WA,"Tacoma, WA 98409",,https://www.indeed.com/rc/clk?jk=a3c331ab3e1f3f42&bb=tuUmzonpz0_u36AL_RskGvCue7M7MlwZH-osoY6tRJTtNNUrwzbYtlT0DdRt9s1YyUhdhpcmq1O0JbTNMqghNCWOBcpWC4O-h5pM8R9f_Ha3Dx3FVbyp2_yRXn2AAGdQ&xkcb=SoBw67M34k01lWyMaB0AbzkdCdPP&fccid=f0d1bb7232579abb&vjs=3,7Days
"Half Price Books, Records, Magazines, Inc.",Bookseller (CA/WA),"Tacoma, WA 98409",,https://www.indeed.com/rc/clk?jk=3c494ffc82f60a6d&bb=yofopChJZEoiiB4cow8X9o0ZAOTPXrvd08id4nvH2J4yy73ogcVpBKKmpdXAGGHktazN7AjIMgUL7f5sTbsBt0xIZiuWu_AyrKEy2w1v6j1Epy8nS4d-DZlUuouAd-oP&xkcb=SoBb67M34k15-YQEFR0IbzkdCdPP&fccid=178f7391f8039948&vjs=3,7Days
Habit Burger Grill - Tacoma,Front Counter Crew Member,"Tacoma, WA 98407",,https://www.indeed.com/rc/clk?jk=4ea90847fad18755&bb=fsc4wloGiIsNCBQJbhE-pIZnTReRDjus28u9vTXqAOHpbaIc9dgd5aQgsGZGgIybjABB4qMQLYEKzeKdIa-yNU3o-pbiHokP9V2TN9k4F5fsYC3zcJZgeY70RKxALIMu&xkcb=SoCh67M34k28I2wEFR0ObzkdCdPP&fccid=dd616958bd9ddc12&vjs=3,7Days
Gant Global Services GGS Inc,Lead Clinical Documentation Improvement Specialist,"Tacoma, WA 98431",,https://www.indeed.com/rc/clk?jk=0bedcd860334a29a&bb=fsc4wloGiIsNCBQJbhE-pFQVFGne3uHeW6FxM1DaB-1_tURkNqr5J6X6rmZTY37IYIL9wfDg-4Qd0QsQnFFoFB-FryXADMUa2uChz8KkjpcEy2bje38OpsLZ2AKtttrG&xkcb=SoBh67M34k28I2wEFR0DbzkdCdPP&fccid=dd616958bd9ddc12&vjs=3,7Days
Subway - 19756-0,Sandwich Artist ®,"Tacoma, WA 98402",,https://www.indeed.com/rc/clk?jk=dd3b129cd7035ff1&bb=i7CELso_YqdizRABzeWCsw73xGIOoYc663bxg1xPRv1pBIbOVvNETaBUbBrUVASbcT4i9VyYLjp1Ii1bZgjp7D2vJRcuxJKFFRI_aDLsAorDOVHB-koDfW5rSWwGvKYk&xkcb=SoBR67M34k3d0TAWgz0CbzkdCdPP&fccid=dd616958bd9ddc12&vjs=3,7Days
Everett Public Schools - WA,Information System Field Technician (2024-25),"Everett, WA 98213",,https://www.indeed.com/rc/clk?jk=8d3b3573968bfa58&bb=LLWYIc11D8b6lesXv_P_v-YBB8WQadEDFZmJmRdTWR3ULjsFCb_d_SrvsPF5JXAkDSV_bhdzrB9Yzy8zop7fK2HMWSk9Sc1tNNV-7YzX5hRh-CkhP8TliekYko4RfiZO&xkcb=SoDj67M34k3wj1SgAJ0NbzkdCdPP&fccid=630a2e73ca2eb5b3&vjs=3,7Days
Everett Public Schools - WA,Track- Assistant Coach .5 FTE,"Everett, WA 98213",,https://www.indeed.com/rc/clk?jk=1f2eade9d65ac4ee&bb=ylHdIjRSviQUutkbHZdUWNKqoZbYqiZdXGBXcpg4RuGV7jbyCaB7j5QzokgBa4_vUKHVnVwk57TNk4qAPXD4Di7NVinsVi990-fu3_ezVdfxQiBcbfWymVA-egCv3drd&xkcb=SoDl67M34lICYoxUKZ0IbzkdCdPP&fccid=630a2e73ca2eb5b3&vjs=3,7Days
Sportsman's Warehouse,INVENTORY CONTROL SPECIALIST,"Everett, WA 
(Cascade View area)",,https://www.indeed.com/rc/clk?jk=636b58dd942610bd&bb=ylHdIjRSviQUutkbHZdUWL0wZ5PJBuLOpYz3eJNcM09S93jKr0pDgqdRFlhTh9J07AOCdMEU0FfFn6MaO7ttIEwvaCuKRIh1gu9vprPYUG0rHvrzl0UBEdJj1p3UadYF&xkcb=SoAM67M34lICYoxUKZ0HbzkdCdPP&fccid=d41329e6ca8f8e1c&vjs=3,7Days
Safran,Production Control 2,"Everett, WA",,https://www.indeed.com/rc/clk?jk=3f184e2f099455f3&bb=RV9b0VgiWlBbqexp7-3L_qyBQMmzQlmvBr5VXYXlpc6NGQ8AznCxRuiTnRyqBC5ZSckfVv8SztniTabhCakkMVD4DISOvk-TqTKZ0v_p060v5kUwXR6QRp8SdkyS3lMm&xkcb=SoBX67M34lISBtSMaB0GbzkdCdPP&fccid=b3885ca934ed0066&vjs=3,7Days
Everett Public Schools - WA,"Paraeducator - Basic Education, Library and Special Education Resource Room (2024-25))","Everett, WA 98213",,https://www.indeed.com/rc/clk?jk=6c6f9e41c04ce245&bb=rAaygQaoXxZTTXBDAZkFeDovxo8Ki90OJ6cq4d-cnFVl4Bw-zUHo5mDcq5csE4ju-u1PmBZVMrsdsy3RQoV7QX4WTws48HpukzeLk6gt6u5rdgaB2WG1aiGrhs9ScRkY&xkcb=SoAz67M34lIi6XS4Rh0JbzkdCdPP&fccid=630a2e73ca2eb5b3&vjs=3,7Days
KFC,Team Member,"Everett, WA 98203 
(Pinehurst area)",,https://www.indeed.com/rc/clk?jk=c4ad7588c3ef499b&bb=OqrhVs1eJNz00q3bPg-BBpXhHZWcoJAXuAS4UxhmLytKe1UpFeNFLYfB3a3a4UK53KjBYzhXt5_agQTxwljp30Wt3O-m3lP9k6Fgpu3-18X53ETzgBQ-dw%3D%3D&xkcb=SoCC67M34lIy29S4Qh0IbzkdCdPP&fccid=6e61d88a654c1d08&vjs=3,7Days
"T-Solutions, Inc.",Integrated Project Development Team Facilitator,"Everett, WA",,https://www.indeed.com/rc/clk?jk=9b87db9454b3ee74&bb=eo2GWCbOLd5ru6QB6HpSYRNjJBqAI5ilzgaBPvV9apORLUjOvs-OIbg8V0Z1bNTe3zKF37Z5nxujVMm_Nc_cC4B1MaVsJauGze9uD8vTMX8E9fzUJ9DZFTyBsjm3vuG4&xkcb=SoDX67M34lJCxjwEFR0KbzkdCdPP&fccid=d0bddebcf6beed00&vjs=3,7Days
Everett Public Schools - WA,Teacher: Multilingual - .2 FTE Leave Replacement (2024-25),"Everett, WA 98213",,https://www.indeed.com/rc/clk?jk=e0d7bfba0011d6a6&bb=eo2GWCbOLd5ru6QB6HpSYT2ByE2xWy7YXQdYL1NWJHca5ok8-04hQsM70QP-4iq0ye0eiAJky996vXwTgnn3hX-9Hh9iJJcTkPGZeO_xsKcHSvsY9uVCtynCJC1NxAIK&xkcb=SoBK67M34lJCxjwEFR0JbzkdCdPP&fccid=630a2e73ca2eb5b3&vjs=3,7Days
Ryder,Furniture and Appliance Home Delivery,"Everett, WA",,https://www.indeed.com/rc/clk?jk=638b13626a82c80c&bb=eo2GWCbOLd5ru6QB6HpSYTLBM_zegURcI975VozSHT_PJgKsJv6pFamKESiAv7D3kiwJ82Uq9iyDLT4EeWsCrU_1D5_1rAvgG66pBd6syBnpV8UXz_kHlw%3D%3D&xkcb=SoDE67M34lJCxjwEFR0ObzkdCdPP&fccid=22f3171d623451cc&vjs=3,7Days
"T-Solutions, Inc.",Professional Development Coach,"Everett, WA",,https://www.indeed.com/rc/clk?jk=20776f6ce48d2078&bb=eo2GWCbOLd5ru6QB6HpSYcgmOxS91yNrxiJLHlRU0eZSsmFK-6i7hJvgkpR314OEs-acLbEfxsoekyHFg8ew3dSAcrRwXLsx9EFDRmCVl6fVrGD7m9MG7Wc7g3ycLv-V&xkcb=SoAX67M34lJCxjwEFR0HbzkdCdPP&fccid=d0bddebcf6beed00&vjs=3,7Days
Safran,Sales Manager,"Everett, WA",,https://www.indeed.com/rc/clk?jk=65239e6ea8715be8&bb=S7Iy_gahrE_6jkpfvJsGDrnnsH1ABEXgA2lo9Gy5XvAGw6y8mg0OLlFc8WQdwVzUm-ox5K3-jstBTvf9cAv6JO5VWaw5066R2x6qiHg3lmvmoFkNuGhSBcojc3oiacYV&xkcb=SoCO67M34lJjiGAWgz0ObzkdCdPP&fccid=b3885ca934ed0066&vjs=3,7Days
Tailored Pet Services,Everett Area Holiday Dog Boarding Host,"Everett, WA 98203",,https://www.indeed.com/rc/clk?jk=8bd1defce9300393&bb=XXM1fQ29-7X6qhAwcyqaAozFHJ0IbXcB0paWijAP1g3BWE_-7CqZDR4vyuADFPvswRKzVHErJGg1uuT_YmEgxMvN6acZevjSg_UomvUFYvia-BB-N1FU_glLnrO03BIg&xkcb=SoCs67M34lJzwBS4Rh0PbzkdCdPP&fccid=cf913964658f893f&vjs=3,7Days
Concentric LLC,Hot Shot Driver,"Everett, WA 98206",,https://www.indeed.com/rc/clk?jk=cfcb6cf515dcd91a&bb=Jw6yoikE7p4a05YovS-fj5tGNMEkk8lJA_w_Potp3w9-tJhyjXhNzHIGCSWR5fhKQlt8T5vITrk-8vtCstjq0sL1OYMojcyfPIFkoWpI-tGN_5cAUP5rcGGvaCNQa22Y&xkcb=SoC-67M34lKUyTy4Rh0PbzkdCdPP&fccid=428605f0727ba5bb&vjs=3,7Days
MoldCable INC,Traffic Control Supervisor,"Everett, WA",,https://www.indeed.com/rc/clk?jk=0d5d978f1b8bcecb&bb=QhBB77YFa1JyOs3ucPHyd-FZfDlYrTsoTZsLEHHZPAsI3IIrIb8eZ2iCGf_k9PFP1LuVNZ2IVTP_8WgIrvs-CdFeEH2AuQZ3D5KINmhT2BjQYo8fThKRmU7KzN7HT_K2&xkcb=SoDZ67M34lLIveAWgz0NbzkdCdPP&fccid=07d85812e38a3a65&cmp=MoldCable-INC&ti=Traffic+Controller&vjs=3,7Days
Air Pros LLC,Plumbing Drain Technician -CM Heating/Air Pros,"Everett, WA 98203",,https://www.indeed.com/rc/clk?jk=b30e57403bd33b34&bb=Km-D3R73hHVkPwSEcGCyDzEEb4NgNXVw9k8ALmivhm498Cm6CqYUup8BQgRY2JLawAHjcuhxRAKCJjUpCkbp_wHy645P6NTkuIxHXSS8FOavw1AwW53hES28QTO5uRmM&xkcb=SoBb67M34lLoUUgWgz0JbzkdCdPP&fccid=afba08f0f0998ea2&vjs=3,7Days
NavitsPartners,Administrative Assistant - AA 24-17647,"Everett, WA",,https://www.indeed.com/rc/clk?jk=e20fedf848f8aeeb&bb=Km-D3R73hHVkPwSEcGCyDxIY0NVhIl2nwwKNNncnVa-LAsmr_7W9fGSnUM2wZdxw9-ec2AbMFR6rU1I_wpYaMTDp3m4XjX6fWkj7mcNUzxKZv3kRyNdUgR52jeE5PVd_&xkcb=SoAv67M34lLoUUgWgz0FbzkdCdPP&fccid=6cc1e71c592df29b&vjs=3,7Days
Boohoff Law,Attorney,"Everett, WA 98201 
(Port Gardner area)",,https://www.indeed.com/rc/clk?jk=dfcb97426fe017e8&bb=t6DPkSi44i7itY2l0K42gRSxI0LVnUuhC70ROtb0Jrbit3IHufxkTE6b7ChsJuGZ3FfcOamkTydTqqJG7jxFBb_yp8_wdg-6HTUNWNn9UsW7TWeCovErpljY66j7XXtk&xkcb=SoCn67M34lL39sST9B0AbzkdCdPP&fccid=bc9f3c09bf219f54&vjs=3,7Days
LG Electronics,"Field Service Technician - Everett, WA (Seattle North)","Everett, WA",,https://www.indeed.com/rc/clk?jk=fc8f6f0a918bdb7e&bb=t6DPkSi44i7itY2l0K42gSZ1mosERYhngKcfpGChsroQxxSgvV_36Ybp2CAX-tSARprYWgQ6VHRtSkAe6myRNatt7U3YvzseZjBJrXr08QNjpGWLUHsCoSug3wZPEYYa&xkcb=SoAp67M34lL39sST9B0HbzkdCdPP&fccid=3baffba98df23da3&vjs=3,7Days
Preferred Podiatry Group,"Podiatry Nurse Practitioner (Everett, WA)","Everett, WA",,https://www.indeed.com/rc/clk?jk=932754e5acf4e210&bb=t6DPkSi44i7itY2l0K42gaIerKXaD2d0CTZACaPeDzES4bRbdqE1LO3w5AcwBW2HmPXHfjJcIP2yhlRBZgHH_fLNrLGe2ex0XlbMBZ11tailKrcKVnELEJEIFkMLpbr0&xkcb=SoCd67M34lL39sST9B0GbzkdCdPP&fccid=4a944a20fbc8b204&vjs=3,7Days
Pierce County Washington,Parks/Grounds Maintenance - Ashford County Park - Temporary,"Pierce County, WA",,https://www.indeed.com/rc/clk?jk=30e3a1c3cb6c9648&bb=q-VgzneJKORtfs-PWO4PSNha-1x813TixnQdLxZQC2CNsEDQjAmMjlbFUq34JU_gUBlQAhoMuqr6yPqGBv_hZILttjh3XpYj3a-V0CHIQkYVUiXCKz6BMDXEh6fL4VVa&xkcb=SoB367M34lA30ly4Qh0IbzkdCdPP&fccid=58246ea27b3f8cc2&vjs=3,7Days
"Grant County, WA",GUARDIAN AD LITEM VOLUNTEER,"Grant County, WA",,https://www.indeed.com/rc/clk?jk=834d93fc5bf55357&bb=q-VgzneJKORtfs-PWO4PSAUx0Je8apnKIDXjL_joAtJTgietuCxRtUs7DU8X7g-zrO2OKdPfXP3EwCAGAYcu0nROfUP-bXtZ21ZScWr5ESagoMg14mNek8WwJIIwK5XA&xkcb=SoC367M34lA30ly4Qh0FbzkdCdPP&fccid=c9a55087af41f132&vjs=3,7Days
The Christian and Missionary Alliance - U.S....,"Part-Time Elementary Lead - Fall City, WA",Washington State,,https://www.indeed.com/rc/clk?jk=333683a38fc6d57a&bb=KsQQEcsBi5I5IWMXqgpK1F5BYqMMrgtzZXrQiwsDdL4nXROe0vZlKStUYQ68vxNJgk3rw2Ayp6hBv5xfMlJMRb9yIk8oX7pDo6DB4pDdUy-QnII1Q9jxCRA8ewyEXUpa&xkcb=SoAP67M34lBJkBy4Rh0FbzkdCdPP&fccid=dd616958bd9ddc12&vjs=3,7Days
Commonwealth Bank,Customer Banking Specialist Kalgoorlie (Part time),Washington State,,https://www.indeed.com/rc/clk?jk=747f104e3cf0c9e6&bb=Pk7IOqMnX8OW0FenBc6-dubNQvIEU9ANYr2ZBUWRhi3kjn4SsGwovKzYkpBnOshKfv9aBQRO2dUSkA_JtXZx4KR1AB0GMm5XGwmP35dICQnfYKk8cCux5w%3D%3D&xkcb=SoA767M34lBZEPAWgz0LbzkdCdPP&fccid=26f47cce54403a22&vjs=3,7Days
Ryder,Furniture Home Delivery,Washington State,,https://www.indeed.com/rc/clk?jk=43211cd5593e537b&bb=Pk7IOqMnX8OW0FenBc6-dgsqUFQ-ITSGiHjAcUHKaCfVqe2iOTD79E9v0HUTtD9l-wFMd1DS-LoDqYHnukZmd2NRhjqZC3yfWLDXYr_b1GFcyKLZs2qS0g%3D%3D&xkcb=SoAo67M34lBZEPAWgz0PbzkdCdPP&fccid=22f3171d623451cc&vjs=3,7Days
Okanogan County,MAINTENANCE TECHNICIAN,"Okanogan County, WA",,https://www.indeed.com/rc/clk?jk=d1d089bdb98a19ad&bb=Pk7IOqMnX8OW0FenBc6-drPhb3zGhSnAt-IT0Mr0OGifqbiYnqedKHNZDSiVute75Mol9n-cSBAVNqtiYixXc5sv69f4POwX-X2rg-GrLfY4XeaxnRhb56dR1za_cfgq&xkcb=SoB167M34lBZEPAWgz0BbzkdCdPP&fccid=55884ad60410fc80&vjs=3,7Days
"Harrell's, LLC",Territory Manager - Golf,Washington State,,https://www.indeed.com/rc/clk?jk=afe120e35f5634b5&bb=Pk7IOqMnX8OW0FenBc6-dgIa8cIRfXkrlpdlvf2YekfQ_GPAWySj1vf3Gvb3swTumY8dQm-VM3K9boqPqMjB6yfhB-nFIKOKy7OOhtgndmz3qyP7yfE5LF3Gz8bz9c_M&xkcb=SoD767M34lBZEPAWgz0GbzkdCdPP&fccid=4e08777271f91a23&vjs=3,7Days
Harrells,Territory Manager - Golf,Washington State,,https://www.indeed.com/rc/clk?jk=d3204b62bc748469&bb=Pk7IOqMnX8OW0FenBc6-dloOBRXdf6LCBOu96GwY-u0sHiO4104mSDThYoJiq4QvDVYYotVDBnW-A82HZmNzoWbJ3dH5GT9ChkboEmcWlRC-5_eeC09_j7doKg1lfGXB&xkcb=SoBm67M34lBZEPAWgz0FbzkdCdPP&fccid=4e08777271f91a23&vjs=3,7Days
ASSA ABLOY,Clinical Specialist and User Advocate,Remote in Washington State,,https://www.indeed.com/rc/clk?jk=de5fc0aae06015ee&bb=gd7PpHUJYmiCd-ZTDds77N6asfrb59voixyecNzQEkx1EBYRFaCtLaGCYnEn1SCBD1hpTO9eLEJwmVRND18zA6A7ySu-VDv-5jdtZtLJNS2AbXj11HSFNNePTmOyvfvx&xkcb=SoB867M34lBo2QAWgz0LbzkdCdPP&fccid=0d8fb5754ea67bc8&vjs=3,7Days
DriveLine Solutions,1844-Flex Driver,Washington State,,https://www.indeed.com/rc/clk?jk=bbecb0ca048ae2a7&bb=aIWrYq8SiOmxD1c2YEoEWA__JSVKD06C1K3wBHiiD5PTKYYVWN_SSc3m8Y0K_e5gvR3YmurJnfYbcWSxZ0J7Oe3mK5KjtX5EPc-PIBn10WciriiRRAFzp9pPJOqerqR8&xkcb=SoA867M34lB54OyNgB0DbzkdCdPP&fccid=66192a84c040d2dc&vjs=3,7Days
ACV Auctions,Vehicle Condition Inspector,Washington State,,https://www.indeed.com/rc/clk?jk=7a634b1439e86460&bb=aIWrYq8SiOmxD1c2YEoEWFCZQ6oCxW1GuHSI1GjPdXQjors4BWd118JL564O-K3a2eIKkFjcjR2UoZc5WUfvLxUx4skBXURoV_I8_S1HWHi6XuEfy7zVy9Dcz-Wk-Sfe&xkcb=SoCb67M34lB54OyNgB0GbzkdCdPP&fccid=6867c53ddcaa8459&vjs=3,7Days
Pacify,Birth Doula,Washington State,,https://www.indeed.com/rc/clk?jk=e137a43c2d219419&bb=n803BrB2fmh10wFGOp1ddMDa7Sz0YElQ8wYvdLWBhfG0IjCm8YlfOxCBeueslujUtfJtXc_Arng8gk5w0UOIymbALBVRRiSph9SIrSVEwdXxtp7nt27t5QL6w1LD7qml&xkcb=SoCR67M34lCJzjSgAJ0KbzkdCdPP&fccid=811b8b48ebd3aeb2&vjs=3,7Days
Bill of Rights Institute,"Pacific Northwest Manager, Program Partnerships (only candidates living in PNW need apply)",Remote in Washington State,,https://www.indeed.com/rc/clk?jk=a5e8b2859a511174&bb=n803BrB2fmh10wFGOp1ddPWPPB3BWFn1HC4jVc4kWITMYRzG0Li5wneawQtV_PdzkOBEuzqfXOUEDKG3tHdVjsCnzZbgFzergmTNBFPJNHjBe11jfV9rEXs-9ommQOy_P8wlRNt5nPo%3D&xkcb=SoDl67M34lCJzjSgAJ0GbzkdCdPP&fccid=fafd4e2000c119bc&cmp=Bill-of-Rights-Institute&ti=Candidate+Manager&vjs=3,7Days
FlavorCloud,Product Marketing Manager,Remote in Washington State,,https://www.indeed.com/rc/clk?jk=9ec0a52e18b79b73&bb=U8FaJTMWCUlr3KTqtjyMMBLqszJ7obPert_tT4Ww9R0DFnP7j39q_rKI_tOGH2N2QsMl7werCx_UylPBukEXKUNMANtuCA6-Oug3-Kdwi5bWadkPjL6iXehVPlD7kTxp&xkcb=SoD967M34lCY4mS4Qh0IbzkdCdPP&fccid=798b6d5928301472&vjs=3,7Days
Rooster Placement,Travel RN Medical-Surgical,Washington State,,https://www.indeed.com/rc/clk?jk=6675e3b78d0ad2bb&bb=U8FaJTMWCUlr3KTqtjyMMKv3ZxhpCOy0DTaFQd3GWKCQFloid9jEjRduLTvce4CtX-Yp_O24F1-T-DnpcB53ONzRvfMid4De1zzCVRtif3eabl_yitKFNWRylfsgN3kI&xkcb=SoAU67M34lCY4mS4Qh0HbzkdCdPP&fccid=4da011466f75c95f&vjs=3,7Days
LumaBridge LLC,Clinical Research Associate,Remote in Washington State,,https://www.indeed.com/rc/clk?jk=4129cddbed2d53f4&bb=Y4zuMmRN2qYaEwJ8Zz1er5KgKy8EdjW69y_Ss1H2IICnr9Vzk49EhA_JkNkIeAwJO__Q4DybRk6HR6GG62Nq0C95Ucv3wQ66RAY9pPL3-1IFILyEgL2Q22ORhuv7QPrr&xkcb=SoDK67M34lClqIyNgB0NbzkdCdPP&fccid=dd616958bd9ddc12&vjs=3,7Days
Best Buy,Retail Sales Associate,"Olympia, WA 98502",,https://www.indeed.com/rc/clk?jk=14ca1973c5e141fc&bb=rqvnDEqGnTJg4cecrppX3v07cQzfJ67RBbkCY_YSWu_9Jyjdsnib8c2umnNYHsQEvTynA_fRdzAPrAIh66TYrP1-6RXRYKi9mSrcPqFDMeCGNLFt4gUkhg%3D%3D&xkcb=SoD367M34lDu9VSNgB0PbzkdCdPP&fccid=027d7cca25a5d14f&vjs=3,7Days
Ryder,Furniture and Appliance Home Delivery,"Olympia, WA",,https://www.indeed.com/rc/clk?jk=f72988767769eb85&bb=NQesaCanofrM3B3PCU4GncLcONouQNoI5M1auIHTS1eWXy4Slq_kmejptBlFrUSGM9D225I7L4Wi7BppsWK68z1yL2JVmQxJ1gyd5mX9X5E2DJxmjWuxYg%3D%3D&xkcb=SoDv67M34lEPdQy4Rh0MbzkdCdPP&fccid=22f3171d623451cc&vjs=3,7Days
County of Thurston,Investment and Banking Officer,"Remote in Olympia, WA 98501",,https://www.indeed.com/rc/clk?jk=86ceb0f8b009e5a3&bb=nnXUAC7-XYBR32fcIwC3Er5z6pSHm1aKU8FJ6j9IBun-Oo_fYb7PptI5XzTUZJPWFAxLQYeLZpAcYiQKhOf5NbJbU-GgKyqxJjcxcJfp-9FkXFENdEOz0g%3D%3D&xkcb=SoBv67M34lEAVny4Rh0GbzkdCdPP&fccid=dd616958bd9ddc12&vjs=3,7Days
AIT Worldwide Home Delivery,Treadmill and Bike Repair Technician-Olympia WA,"Olympia, WA 98502",,https://www.indeed.com/rc/clk?jk=cfb1fa21a3b164d8&bb=PMZNeJXUH4TXVK9FfimcjH4VmUyievZ0ZFWTmyaxKCYDRcwAUFHUW76QLb8VE5wo-2Gt8LB2FSNQmxEmesR39Ol3rY2a6S0Zlg4z1J-C0TueRDX6dT_iO8uyOMY1V647&xkcb=SoCg67M34lEv5SygAJ0KbzkdCdPP&fccid=f0d1bb7232579abb&vjs=3,7Days
Pearson,Associate Program Lead,"Olympia, WA 98507",,https://www.indeed.com/rc/clk?jk=3e5fe243e05935e9&bb=PMZNeJXUH4TXVK9FfimcjBCm6tZAl29lrl06z2KT-mNoI4FsMMCk2CMmNGS-Eh8Lj_yGStdglTeKCAQSuK-uO3u_x_sVzPDVUBKIHnf3_2L5LC4QslTOAg%3D%3D&xkcb=SoCz67M34lEv5SygAJ0ObzkdCdPP&fccid=9452e7588539114c&vjs=3,7Days
"Haloprime, Inc",Starlink Installation Technician,"Olympia, WA",,https://www.indeed.com/rc/clk?jk=98273b90e6f52c4f&bb=KZuSw9k1zKodlTfIUwyIvWbYzX8sGK-0f32jMTkN-p_OKPTscg-cbSFvNBRR7lM3WfryJYuUu7R8ifqXCe53RhJJsKzu4A1QOatNC9YZVv8azFIM1SJHF-tkHV4_cq30&xkcb=SoDL67M34lE8V2yMaB0DbzkdCdPP&fccid=46bbd2711b7a3397&vjs=3,7Days
Upstream Rehabilitation,Physical Therapy Technician- Integrity Rehab/Olympia Orthopaedics,"Olympia, WA",,https://www.indeed.com/rc/clk?jk=a00e66434eddcc25&bb=JKavnY-3FnaS35P_8euN2kDRO5sYN6MN_dvqCtXofNqfenjoX8AieCj_M0yU4djIbCyPvQ9HN9DZ7APGfImASCJSabhyD2O61fTIZp7c0b7LKJOzwsscQDa69b9DseD9&xkcb=SoBn67M34lF8qwyNgB0LbzkdCdPP&fccid=f9b383706a0a4725&vjs=3,7Days
Health Pros North West,Behavioral Health RN,"Olympia, WA 98501",,https://www.indeed.com/rc/clk?jk=8bf7b3d293f6fee4&bb=JKavnY-3FnaS35P_8euN2gnbbLWeYFGYocnldWIObHvodnBAiKtSCVRI3R7E-36WD7ISAuIkyfpseBAMzaa_4su9XEOGK-oNs3J96GY0S0eWNs13xghq8YePPZGqBEt4&xkcb=SoB067M34lF8qwyNgB0PbzkdCdPP&fccid=86f0e5472bdacc78&vjs=3,7Days
Career Links,Speech Language Pathology Assistant,"Olympia, WA",,https://www.indeed.com/rc/clk?jk=7e961bf3c6b58dce&bb=hCr_jkXUWwA3gbh28bEnw5QLRMxHhfeqEL-5jenXfNVEFfxCrFfvv_K3OpCdcMXeO8B4WSydb1L1xCNQAXzsueuyZ2F6toPVihlGydlh_fwsqROHipw8cMmGVrdgOSFT&xkcb=SoAL67M34lGeoxRUIx0KbzkdCdPP&fccid=23f406bf2308867a&vjs=3,7Days
"Blue Rose Consulting Group, Inc.",Mental Health Counselor,"Olympia, WA 98501 
(Downtown area)",,https://www.indeed.com/rc/clk?jk=eb1e9164cc12ab54&bb=hCr_jkXUWwA3gbh28bEnw9X97r0qmBGpYsJr53tNWQdlv7GaYtr1aO64f7KMp9LqJB1lSHNUfVf28hBTE29Z78p3NeRC_CU4Zvw18J36RJ6BNDznZrkQrhTjewfNVV8Il4MkVwD-jng%3D&xkcb=SoAi67M34lGeoxRUIx0IbzkdCdPP&fccid=7621dd5127a938ae&vjs=3,7Days
Puyallup School District,OFFICE PROFESSIONAL,"Puyallup, WA 98374",,https://www.indeed.com/rc/clk?jk=cca624bcd6f149d0&bb=M-1kvdrS5Dn2CzoPpQDaQqB7op_1RhV4juB06KZuRuORkbHUlVrevjxuck7mZ2xC7d0aNdiTdli8u1SaxPIr_qhAV9GOufZRqMX5X0uq0NcDbb766R376-SzN6aL8u7x&xkcb=SoCc67M34ldBaHgWgz0LbzkdCdPP&fccid=9f7b0647f2694a72&vjs=3,7Days
Best Buy,Geek Squad Installation Helper,"Puyallup, WA 98373 
(Southhill area)",,https://www.indeed.com/rc/clk?jk=148ccb039d835607&bb=M-1kvdrS5Dn2CzoPpQDaQhqehDCTAYYFydhwvEwbzf4FWFvdzSfkmL4HhPH6UjXiugp323WgwrWYy3Gy3JJDuoEtMK3Z6GUejz4UEPS1aF7uLLeL8fICgw%3D%3D&xkcb=SoA767M34ldBaHgWgz0ObzkdCdPP&fccid=027d7cca25a5d14f&vjs=3,7Days
Ryder,Furniture and Appliance Home Delivery,"Puyallup, WA",,https://www.indeed.com/rc/clk?jk=40f3ce475b8f3803&bb=jOzcJO7kdSP64n20DLJJw8TH3MQGGoTXP4FtRMoBPfpk1lUIaNxTtL_fn8gnOJ6gLjO4AKa8alRIwJLNLa-XaESPfH0H7oQk68dTX4Hr-deIe-4pzfWVkQ%3D%3D&xkcb=SoCN67M34ldS-2SgAJ0IbzkdCdPP&fccid=22f3171d623451cc&vjs=3,7Days
Puyallup School District,HEAD COACH - BOYS TRACK,"Puyallup, WA 98372",,https://www.indeed.com/rc/clk?jk=a34f756329a5e3a0&bb=jOzcJO7kdSP64n20DLJJwwG31DYjTUqvQzdHep0N0AFtM6UrpeDm2CH9Dcy3qKMjWRJZVUQRFLfqlxU-qfAfXYvrPr0k8sajoxo8k756n1x2LzmnoVYl4-Eb80UBRQ3H&xkcb=SoDD67M34ldS-2SgAJ0CbzkdCdPP&fccid=9f7b0647f2694a72&vjs=3,7Days
Carbon Health,Clinical Research Principal Investigator,"Puyallup, WA",,https://www.indeed.com/rc/clk?jk=2f6b2e5a5c9d00a4&bb=Tm3sNCmQPUgIGQyULSGBcNy45txp_QSxUpGnMM3jkr4TcBj30HwtvhVcrDdi1g4EDrQOfr1WtszNKK7ZyXVW7k4K7o3_THLvAsaIom4ZBb5tTYahygQ4EruPuZn9U0U8&xkcb=SoCZ67M34ldj02xUKZ05bzkdCdPP&fccid=103281899e4aa0b2&vjs=3,7Days
UFC Gym,Kids Club Attendant,"Puyallup, WA 98374 
(Southhill area)",,https://www.indeed.com/rc/clk?jk=63aabbfba2d2da1d&bb=dbjax7gPif6JaYUDr409oQEYITODrRs2olP7AaVI3z8I2-Cftay4RQYQYMLRVJ0_qg1VgzHknmZjUTFZlDk8nPGLCTplfA2HmkyYmaOnH0oN_QE5-6-q4geb65r4nu9z&xkcb=SoCM67M34leECly4Rh0BbzkdCdPP&fccid=562615d311ec8566&vjs=3,7Days
Capstone Logistics LLC,Warehouse Unloader,"Puyallup, WA 98371",,https://www.indeed.com/rc/clk?jk=a62560ee1aae7da1&bb=-cc2X9sFhAAxgo-4NryYB1akB8x2hklGxrs9PrhBCRSGSUXlFyig_pCr2yp4Ipje5P9RzpgbDF9F2a48SzaYaataLeGcer1w5x8v0Zc-jJfBRTaOZWcWB5VzMfSQX5HL&xkcb=SoBO67M34leUYtygAJ0HbzkdCdPP&fccid=ed5301e8ef9eec8f&vjs=3,7Days
Meridian Collision Center,Auto Collision Estimator,"Puyallup, WA 98375",,https://www.indeed.com/rc/clk?jk=9016e8e9530f21f8&bb=zfJJhU6GhZBIBmmz_CrhjBJx7aUqb6QWVeVjrAw8JBdecj52l_E8NrSKAgrMaZPX1jdY5cTzDxitMqA0Az5ZpRrDZ3vbIaBJ00Xn0r_9MvUlUBiD93m5Ge_Igz7LSemq&xkcb=SoDi67M34lekfRQEFR0LbzkdCdPP&fccid=ef08b694b05c3104&vjs=3,7Days
Habit Burger Grill - Puyallup,Kitchen Crew Member,"Puyallup, WA 98374",,https://www.indeed.com/rc/clk?jk=6ed4e63364c3f6a9&bb=zfJJhU6GhZBIBmmz_CrhjHG5dYoNIV4MP6enAkT39rP23a_tptZxJ5M0t3bgiIC6XHfwJBVtMxSwSYxhVx2d9xRgeSgAiai5asAlbByLFqrHA2bsHisfIzUZeybnk5Lv&xkcb=SoCF67M34lekfRQEFR0DbzkdCdPP&fccid=dd616958bd9ddc12&vjs=3,7Days
"Proliance Surgeons, Inc.",Operation Supervisor,"Puyallup, WA 98374 
(Southhill area)",,https://www.indeed.com/rc/clk?jk=bd272b626637cd00&bb=zfJJhU6GhZBIBmmz_CrhjOJm6XpjoKReQ9soYNq6n_O_2hFS5S76WR2HXaAmSWHvZaNdyLathPi2Eof-oQ0YwOoXgN88W82Lej3WNrLFrZefu3wIDXo6JxMgYlEfqdGa&xkcb=SoAx67M34lekfRQEFR0CbzkdCdPP&fccid=09291785d666ec69&vjs=3,7Days
Carlisle Construction Materials (CCM),Regional EH&S Manager,"Puyallup, WA 98371",,https://www.indeed.com/rc/clk?jk=d50fc8b884c6f207&bb=zfJJhU6GhZBIBmmz_CrhjP7XX2QSWa50txjK5aSyCGsf1PQ11aCYmRiBBc1cg98fGU5FXekm5ONB7VHUi63UArJ4r4PkgNy-Tay7LBKlP3S_KRAzu_h1MDybuHF-Ymij&xkcb=SoCW67M34lekfRQEFR0HbzkdCdPP&fccid=44481459512cbaf8&vjs=3,7Days
Habit Burger Grill - Puyallup,Front Counter Crew Member,"Puyallup, WA 98374",,https://www.indeed.com/rc/clk?jk=3745a5a2d3cc5bf2&bb=YTU3Hi-gzPIh8FW3zTB3jdlgb3GBgH5xcJWye2uqfFQ_LdbWAsCBlzZWqhwdmlJpiKnb4WUd2vjoqAVjjfqRfaPsQ6txByScPjlbw1ZbsLOag9ycD8Ys6eLHv6nEcyiS&xkcb=SoBr67M34le1dhwEFR0IbzkdCdPP&fccid=dd616958bd9ddc12&vjs=3,7Days
Subway - 13185-0,Sandwich Artist ®,"Puyallup, WA 98375",,https://www.indeed.com/rc/clk?jk=32968c5900ad0982&bb=gcf6d3uEYD5g6jbF5eVPzLMB6BHvnmnUL054YZKB5oxZqsw6sEUM30ZO9pKWrCb8Ss54y3qYtGp69T7XgjdoYg_aqgIUS8ZoOOkw8aUUx4X3MytvUyfrPLTfJQaX0PQ_&xkcb=SoAx67M34lfFclwEFR0CbzkdCdPP&fccid=fca5dd60243b69d2&vjs=3,7Days
Invo Healthcare - Family of Companies,Registered Nurse (RN),"Puyallup, WA",,https://www.indeed.com/rc/clk?jk=2fb4e1d3b31ca84c&bb=4xQexlGHRkIWhWVtOoZ0vhyq44CBKcLmDTBtJYFBNbH2ZJ1ZZtMjagEeshGbxAR9TyyZVXoHpsyP2JofRqGwgjugIQYFtbSiABkr9MlFzpVU6jDaP-Vq7P9avOvuclre-vbjAh3VZ-k%3D&xkcb=SoDp67M34lfVoBS4Qh0LbzkdCdPP&fccid=a1f5234b35e366c3&vjs=3,7Days
Lummi Nation,Lummi Development Holding Company - Board of Directors,"Bellingham, WA 98226",,https://www.indeed.com/rc/clk?jk=46b6c66c81c9d17e&bb=gb2-G38M9_nKhP2sbNvOnvhjkvaJgLziIBnRmzzFsRmzgwC8a5rR_aw-zULCBaTgWyIe7A7mibU1NwsDpCnK79ocptGih-2mxt-Rlhc25pezdD-yVibwrs1Tpy_pNcZ8&xkcb=SoCU67M34lfhMAS4Qh0PbzkdCdPP&fccid=ec71d5d0e32d35ab&vjs=3,7Days
Lummi Nation,Gaming Agent I,"Bellingham, WA 98226",,https://www.indeed.com/rc/clk?jk=e115599012bb7c51&bb=gb2-G38M9_nKhP2sbNvOnkaba-_xQSx-KMUTgH_439QH012Np6uAb2D4zeLLWDczXi63GbkWaOMOEH16umV0mX2JDMEXddd2T0KpfHSvV_Z3cbwEYRemy92YPpmsCQkS&xkcb=SoAg67M34lfhMAS4Qh0ObzkdCdPP&fccid=ec71d5d0e32d35ab&vjs=3,7Days
Lummi Nation,Revenue Director,"Bellingham, WA 98226",,https://www.indeed.com/rc/clk?jk=edf245d28bef781d&bb=gb2-G38M9_nKhP2sbNvOnhgnMeVkm4P5_KQKlEOga4q2EDrZ_KtArvWVylNG-8SoqHwFO2R_mGLtKAXKK05niZec-_dLxlcJB3TW5d2Jyps2o3dT8uuOg1LjudNUhnM8&xkcb=SoDg67M34lfhMAS4Qh0DbzkdCdPP&fccid=ec71d5d0e32d35ab&vjs=3,7Days
Lummi Nation,Family Support Coordinator,"Bellingham, WA 98226",,https://www.indeed.com/rc/clk?jk=2524cf6b9c8bcc9d&bb=i-HZSPJXS008mKbYxGtIbLWOLPkoK-UGmudQRiG7H4alsldN8GxzqoOfPI1-gqhl15RclL8Dx874uR2dp9OJe2vjYg1ZiEGblzvVQHgQZufwhfbMzuJe-pbT445SKjs_&xkcb=SoAk67M34lfy64ST9B0AbzkdCdPP&fccid=ec71d5d0e32d35ab&vjs=3,7Days
"Whatcom County, WA",Legislative Coordinator (Board of Equalization),"Bellingham, WA 98225",,https://www.indeed.com/rc/clk?jk=b1eb8f80cf39ffe9&bb=i-HZSPJXS008mKbYxGtIbImtFSbbX0erLp3cDBTnhFscaEJlVxS0ckogRnL5QFbZKXSYjZ_y-jHBhQE_Mf3zTbPr3N83Ef-mB935gU2NOekKz9F7vOWihJxrXYMZXRch&xkcb=SoCq67M34lfy64ST9B0HbzkdCdPP&fccid=e0495e6df92e84d2&vjs=3,7Days
Lummi Nation,Child Support Case Manager II,"Bellingham, WA 98226",,https://www.indeed.com/rc/clk?jk=b28d950b68888b8b&bb=SBhbBgKyclqqA4SwmQGiSFd5zzhfhKiBbWNfPCKyrAi-8ZiLTto-pG0jki3Cgzy22ugEPyMsqgueck8djXb8jVNGlI5pDI7krfAsoHstnoqTbg_l-0FyLryZi6h-r0mU&xkcb=SoDv67M34lQCzNAWgz0ObzkdCdPP&fccid=ec71d5d0e32d35ab&vjs=3,7Days
Western Washington University,Environmental Sciences - Non Tenure Track Instructor,"Bellingham, WA 98225 
(Western Washington University area)",,https://www.indeed.com/rc/clk?jk=a4058731f7dc84dc&bb=ef6RERPmOMpw82ZiiJQSIkxmBMfTxkHmlJFsoi7cqunaRrLf1bUkWlWuimp-o6FiUgxACgsbiDSgrXNLLm78lgY14cSsUWCf3zkxNdC3W7B-jQpG4hTsjg%3D%3D&xkcb=SoDQ67M34lQS9OxUKZ0LbzkdCdPP&fccid=469fd2c6906f73f9&vjs=3,7Days
Ritchie Bros.,Territory Manager,"Bellingham, WA",,https://www.indeed.com/rc/clk?jk=88c6527e15e85041&bb=ef6RERPmOMpw82ZiiJQSIvk020I7GAGIA-plEeeYuVNf8Y09QWHVHYs-sCnD3QqOhNyUFxM2cBwejfUxvhhVMpjgykJ2lcHoHN_N6G9QcUwulWF5rZUwWrxdBzNcpTp5&xkcb=SoBk67M34lQS9OxUKZ0KbzkdCdPP&fccid=143c7479acc5b806&vjs=3,7Days
Banfield Pet Hospital,Veterinary Assistant,"Bellingham, WA 98226 
(Guide Meridian area)",,https://www.indeed.com/rc/clk?jk=a399194ed80f99a2&bb=eDByWybh3hnUEPuBesa1sGU9nOX9hnnWojlTPiMmIbJH3CL3kr5BaRW7ACO0dc1LIO-SKQDumcZXtCF2fL85AQTwxjCKQPyGttc5mLkIkelx9gt9fNdF4A%3D%3D&xkcb=SoCS67M34lQzKGQELx0IbzkdCdPP&fccid=f264d6e753f3f414&vjs=3,7Days
Macy’s,"Retail Sales Associate, Bellingham Bellis Fair - Flex","Bellingham, WA 98226",,https://www.indeed.com/rc/clk?jk=8b6f6a42fb71a1b2&bb=wyoz5x4IHoYeCFVvWy00vhLYuISIxtq398RYEjhe6PBrqVkdLqwETSwvXHILRHRUY_gEegpIXvYXu9xeU6_S5yONNHS3ll1vYfSiRyPqsEXP4DfMGvKRDw%3D%3D&xkcb=SoBR67M34lSqzTQELx0ObzkdCdPP&fccid=6df24d87c9f05a07&vjs=3,7Days
Eden Health,Hospice Volunteer,"Bellingham, WA 98226",,https://www.indeed.com/rc/clk?jk=1a23adf56cae982e&bb=wyoz5x4IHoYeCFVvWy00vrH9ZtF7RjW386XTUIcxdWp-aY_YGXoEsSm98iHgoHOE_bwPPZaQv08450bYJcxqUhLaZOwwT4zOJ-tdSM1sZJ-0hhD_VyJR4ZpsXEnge_IA&xkcb=SoAf67M34lSqzTQELx0EbzkdCdPP&fccid=e8fcd974357c8834&vjs=3,7Days
Banfield Pet Hospital,Veterinary Assistant,"Lynnwood, WA 98036",,https://www.indeed.com/rc/clk?jk=abae9a6f622d1f9b&bb=3Dj8U03ievZCp4PRf3Hy3W2oNB9a76v2UZvKGo8xy2tn6FA1I9StVw7dCEDx_RaLOzUYiq97IKBK2l68Krk4IPldRXPPTMrBBMmuTYLR1UhP2Y3tmQQtjQ%3D%3D&xkcb=SoB867M34lTBT1S4Qh0HbzkdCdPP&fccid=f264d6e753f3f414&vjs=3,7Days
Ryder,Furniture and Appliance Home Delivery,"Lynnwood, WA",,https://www.indeed.com/rc/clk?jk=346569ee01219ac2&bb=kBjfyRK0esHBMk7OUFLM1HFmnmdhV5G1rUCaVVyfviiJ-b4QQexAIogVK9h6lSagmF9uU5VdYE9QJP6UFS6sihVrjMLwvWhL_bv-e9wYBg7JoFCD4-F6AQ%3D%3D&xkcb=SoBm67M34lTTB8ygAJ0ObzkdCdPP&fccid=22f3171d623451cc&vjs=3,7Days
Caliber Collision,Auto Detailer,"Lynnwood, WA 98087",,https://www.indeed.com/rc/clk?jk=91c0b3f75f4441aa&bb=kBjfyRK0esHBMk7OUFLM1BsXoyh6JHSk4tIIEHXbOCWyOD-R8ubMXe1wdb-mXbdn0Jv4pz8VFXRtQIMwZ3yH0Hhh0DO0kJnMptDFY-hVA78Id2flYtGLgNpI1b1C-qur&xkcb=SoD767M34lTTB8ygAJ0NbzkdCdPP&fccid=49dc504424bf4f39&vjs=3,7Days
Dollar Tree,STORE MANAGER,"Lynnwood, WA 98087",,https://www.indeed.com/rc/clk?jk=687f4ff6c5aeae96&bb=kBjfyRK0esHBMk7OUFLM1POEQU74jGLmO9Y06fafwwZZhzQWHRYcwGgzdnfpovNZfmuWsw1iHudsHptwVsmbMReBll7p5De8HN_wx7qB8Sh6eblRJP6RAQ%3D%3D&xkcb=SoBP67M34lTTB8ygAJ0MbzkdCdPP&fccid=b36f221bec806171&vjs=3,7Days
Fairway Independent Mortgage Corporation,Branch Marketing Specialist,"Lynnwood, WA 98037",,https://www.indeed.com/rc/clk?jk=e995ff1919574207&bb=kBjfyRK0esHBMk7OUFLM1BaypNDYGx5uInQ6i8PHCFGbLs3isTNhenVESrjVVP7c-Y5t5WhtS2HHTghvhr2VixxwVjAwizGse7mTNCSzWzOuM1yKCBFLpF1WDEW0VIbt&xkcb=SoA767M34lTTB8ygAJ0AbzkdCdPP&fccid=cc6395aeaae78834&vjs=3,7Days
Caring Transitions,Caring Transitions Specialist,"Lynnwood, WA 98037",,https://www.indeed.com/rc/clk?jk=79d3dae69c9546c2&bb=gTzlP6zPPXowz1GNW4E_fThKrK1gwkFM4u5VgsI-fSDrdqUTcDnMw3qsxkJRwnamAQZA062AkNyhrA2k8vHNNyMZ5ncreTIASSfod1xA7yryphM_E469VDb_pieo-lo6&xkcb=SoCL67M34lUDnmxUIx0GbzkdCdPP&fccid=8429cd261d3c499c&vjs=3,7Days
Adapt Health LLC,Customer Service Specialist,"Lynnwood, WA",,https://www.indeed.com/rc/clk?jk=f7bc8dc1859fb2ab&bb=MnWPqolZQIl7GIwDhCTFNOHZK98ZOSp-LTfcdcdIeYamHT6Ze7g4Ag4ctFO8WLb_gS_vAp8Fy_uLwas0ZyuN0_UiS7wf73xh8wpTmGaXV8K5d1XlEBvxqCE-f88Ue6pU&xkcb=SoCy67M34lVLY0wELx0BbzkdCdPP&fccid=6b406999f79b7fe9&vjs=3,7Days
Larry Hall - State Farm Agent,Customer Relations Representative - State Farm Agent Team Member,"Richland, WA 99352",,https://www.indeed.com/rc/clk?jk=3cba3d9e952f4872&bb=tMEUt2eUcyTTvul3Kbp9BIDfOJxYJWQpB3u3JxLLvBh6elG90sjx99184hAZA-Tcsf3UDuvdx4_QV3-dFSFio-TWAf4ZuRaFy_4bRdh5jiBt-IFfcGJ06Q%3D%3D&xkcb=SoDE67M34lW9wigWgz0GbzkdCdPP&fccid=d2310af9b3bb8585&vjs=3,7Days
Panera Bread,Team Manager,"Richland, WA 99352",,https://www.indeed.com/rc/clk?jk=ad819d90c70d6c79&bb=HK9wHr4HZmHutJ_h2TeF6AOaZ2Y6eI8R8HHTuR_LDKnWglMZrOxTAiFatQRD3Mu1HYorxYXOZsfUu-Gen4GMY956zyPSgtGAK7WrjH_cwDx2YxuyNPY5-2WSVFA7sYDv&xkcb=SoB967M34lXOmay4Qh0PbzkdCdPP&fccid=8a41742676bdca47&vjs=3,7Days
"Bauder & Associates, LLC American Family Insurance",Executive Revenue Producer,"Hybrid work in Richland, WA 99352",,https://www.indeed.com/rc/clk?jk=30a8ca8b94bd1fd9&bb=F_07r2p8vLx6Hg_ZHuaoazABAK7D-_yaBy2LyX3uiIa5Hw6seJY_ibkowYSpsV4ziM1_Hl-s39ibo9UPOGukzwEaHwWDa3g2MCK0DCrpVt27pKB_npTzDE2Ra8fvPpa_&xkcb=SoC667M34lXezWSNgB0AbzkdCdPP&fccid=dd616958bd9ddc12&vjs=3,7Days
